{
    "packname": "sublime-text",
    "realname": "Sublime",
    "32bit": ".",
    "64bit": "x64",
    "icons": [
        [
            "#!/usr/bin/env xdg-open",
            "[Desktop Entry]",
            "Version=1.0",
            "Type=Application",
            "Name={realname}",
            "GenericName=Sophisticated text editor for code, markup and prose",
            "Exec={path}/{packname}/sublime_text %F",
            "Terminal=false",
            "MimeType=text/plain;",
            "Icon=sublime-text",
            "Categories=TextEditor;Development;",
            "StartupNotify=false",
            "Actions=Window;Document;",
            "[Desktop Action Window]",
            "Name=Новое Окно",
            "Exec={path}/{packname}/sublime_text -n",
            "OnlyShowIn=Unity;",
            "[Desktop Action Document]",
            "Name=Новый Файл",
            "exec={path}/{packname}/sublime_text --command new_file",
            "OnlyShowIn=Unity;"
        ]
    ]
}
